id,name,level,parent,lineage,isActive,metadesc,metakeywords
2218,Air Table,1,0,/2218/,1,NULL,NULL
2219,Analyzers/Meters,1,0,/2219/,1,NULL,NULL
2220,Animal,1,0,/2220/,1,NULL,NULL
2221,Asher/Etcher,1,0,/2221/,0,NULL,NULL
2222,Autoclave,1,0,/2222/,1,NULL,NULL
2223,Balances,1,0,/2223/,1,NULL,NULL
2224,Baths-Circulators,1,0,/2224/,1,NULL,NULL
2225,Biotechnology,1,0,/2225/,1,NULL,NULL
2226,Bonders,1,0,/2226/,0,NULL,NULL
2227,Cabinets,1,0,/2227/,0,NULL,NULL
2228,Cable Stripping,1,0,/2228/,0,NULL,NULL
2229,Centrifuges,1,0,/2229/,1,NULL,NULL
2230,Chart Paper,1,0,/2230/,1,NULL,NULL
2231,Chemicals,1,0,/2231/,1,NULL,NULL
2232,Chromatograph-Gas,1,0,/2232/,1,NULL,NULL
2233,Chromatograph-Liquid,1,0,/2233/,1,NULL,NULL
2234,Controllers,1,0,/2234/,1,NULL,NULL
2235,Cooling Units,1,0,/2235/,1,NULL,NULL
2236,DNA,1,0,/2236/,0,NULL,NULL
2237,Dryers,1,0,/2237/,1,NULL,NULL
2238,Electrochemical Reactor,1,0,/2238/,1,NULL,NULL
2239,Enviromental Chambers,1,0,/2239/,1,NULL,NULL
2240,Evaporators,1,0,/2240/,1,NULL,NULL
2241,Exposure Systems,1,0,/2241/,1,NULL,NULL
2242,Extraction,1,0,/2242/,0,NULL,NULL
2243,Fermentation,1,0,/2243/,1,NULL,NULL
2244,Filtration,1,0,/2244/,1,NULL,NULL
2245,Flow Meters,1,0,/2245/,1,NULL,NULL
2246,Freeze Dryers,1,0,/2246/,1,NULL,NULL
2247,Furnaces,1,0,/2247/,1,NULL,NULL
2248,Glove Boxes,1,0,/2248/,1,NULL,NULL
2249,Heater Elements,1,0,/2249/,1,NULL,NULL
2250,Heaters,1,0,/2250/,1,NULL,NULL
2251,Hoods,1,0,/2251/,1,NULL,NULL
2252,Hospital,1,0,/2252/,0,NULL,NULL
2253,Incubators,1,0,/2253/,1,NULL,NULL
2254,Injection Molding,1,0,/2254/,0,NULL,NULL
2255,Integrators,1,0,/2255/,1,NULL,NULL
2256,Lab Furniture,1,0,/2256/,1,NULL,NULL
2257,Lab Glassware,1,0,/2257/,1,NULL,NULL
2258,Lab Equipment,1,0,/2258/,1,NULL,NULL
2259,Lasers,1,0,/2259/,0,NULL,NULL
2260,Mass Spectrometer,1,0,/2260/,1,NULL,NULL
2261,Material Handling,1,0,/2261/,1,NULL,NULL
2262,Material Testing,1,0,/2262/,1,NULL,NULL
2263,Medical,1,0,/2263/,1,NULL,NULL
2264,Metal Detectors,1,0,/2264/,0,NULL,NULL
2265,Microscopes,1,0,/2265/,1,NULL,NULL
2266,Mills,1,0,/2266/,1,NULL,NULL
2267,Misc,1,0,/2267/,0,NULL,NULL
2268,Mixing,1,0,/2268/,1,NULL,NULL
2269,Motors,1,0,/2269/,1,NULL,NULL
2270,Ovens,1,0,/2270/,1,NULL,NULL
2271,Ozone,1,0,/2271/,1,NULL,NULL
2272,Press,1,0,/2272/,1,NULL,NULL
2273,Pressure,1,0,/2273/,1,NULL,NULL
2274,Printers/Plotters,1,0,/2274/,1,NULL,NULL
2275,Process Equipment,1,0,/2275/,1,NULL,NULL
2276,Pumps,1,0,/2276/,1,NULL,NULL
2277,Radiation,1,0,/2277/,0,NULL,NULL
2278,Reactors,1,0,/2278/,1,NULL,NULL
2279,"Recorders: mV, pH, T, RH",1,0,/2279/,1,NULL,NULL
2280,Refrigeration,1,0,/2280/,1,NULL,NULL
2281,Restaurant,1,0,/2281/,0,NULL,NULL
2282,Robots,1,0,/2282/,0,NULL,NULL
2283,Safety,1,0,/2283/,1,NULL,NULL
2284,Sale Items,1,0,/2284/,1,NULL,NULL
2285,Soldering Machine,1,0,/2285/,1,NULL,NULL
2286,Spectrophotometers,1,0,/2286/,1,NULL,NULL
2287,Spin Coater,1,0,/2287/,1,NULL,NULL
2288,Sputtering Systems,1,0,/2288/,0,NULL,NULL
2289,Steam Boiler,1,0,/2289/,0,NULL,NULL
2290,Steam Boilers,1,0,/2290/,0,NULL,NULL
2291,Synthesizer,1,0,/2291/,1,NULL,NULL
2292,Temperature,1,0,/2292/,1,NULL,NULL
2293,Test Equipment,1,0,/2293/,1,NULL,NULL
2294,Thermal Analysis,1,0,/2294/,1,NULL,NULL
2295,Tubing,1,0,/2295/,1,NULL,NULL
2296,Ultrasonic,1,0,/2296/,1,NULL,NULL
2297,UV - Ozone,1,0,/2297/,0,NULL,NULL
2298,UV Light,1,0,/2298/,1,NULL,NULL
2299,Vacuum,1,0,/2299/,1,NULL,NULL
2300,Valves & Fittings,1,0,/2300/,1,NULL,NULL
2301,Washer,1,0,/2301/,1,NULL,NULL
2302,Water,1,0,/2302/,1,NULL,NULL
2303,Weathering,1,0,/2303/,1,NULL,NULL
2304,Welding,1,0,/2304/,0,NULL,NULL
2305,Air Particles,2,2219,/2219/2305/,1,NULL,NULL
2306,Conductance,2,2219,/2219/2306/,1,NULL,NULL
2307,Conductivity,2,2219,/2219/2307/,1,NULL,NULL
2308,DS,2,2219,/2219/2308/,1,NULL,NULL
2309,Fluoride,2,2219,/2219/2309/,1,NULL,NULL
2310,Gases,2,2219,/2219/2310/,1,NULL,NULL
2311,Ion,2,2219,/2219/2311/,1,NULL,NULL
2312,IR,2,2219,/2219/2312/,1,NULL,NULL
2313,Leak Detector,2,2219,/2219/2313/,1,NULL,NULL
2314,Moisture,2,2219,/2219/2314/,1,NULL,NULL
2315,Oil,2,2219,/2219/2315/,1,NULL,NULL
2316,Oxygen,2,2219,/2219/2316/,1,NULL,NULL
2317,Ozone,2,2219,/2219/2317/,1,NULL,NULL
2318,Particle,2,2219,/2219/2318/,1,NULL,NULL
2319,pH,2,2219,/2219/2319/,1,NULL,NULL
2320,pH Electrodes,2,2219,/2219/2320/,1,NULL,NULL
2321,Photoionization,2,2219,/2219/2321/,1,NULL,NULL
2322,Sample Feeder,2,2219,/2219/2322/,1,NULL,NULL
2323,TOC,2,2219,/2219/2323/,1,NULL,NULL
2324,Water Analysis,2,2219,/2219/2324/,1,NULL,NULL
2325,Anesthesia,2,2220,/2220/2325/,1,NULL,NULL
2326,Cages,2,2220,/2220/2326/,1,NULL,NULL
2327,Grip Strength ,2,2220,/2220/2327/,1,NULL,NULL
2328,Other,2,2220,/2220/2328/,1,NULL,NULL
2329,Plethysmometer,2,2220,/2220/2329/,1,NULL,NULL
2330,Pulse Generator,2,2220,/2220/2330/,1,NULL,NULL
2331,Accessories,2,2223,/2223/2331/,1,NULL,NULL
2332,Analytical,2,2223,/2223/2332/,1,NULL,NULL
2333,Microbalance,2,2223,/2223/2333/,0,NULL,NULL
2334,Microbalances,2,2223,/2223/2334/,1,NULL,NULL
2335,Moisture,2,2223,/2223/2335/,1,NULL,NULL
2336,Other,2,2223,/2223/2336/,1,NULL,NULL
2337,Platform,2,2223,/2223/2337/,1,NULL,NULL
2338,Printers,2,2223,/2223/2338/,1,NULL,NULL
2339,Safety Hoods,2,2223,/2223/2339/,1,NULL,NULL
2340,Table,2,2223,/2223/2340/,1,NULL,NULL
2341,Top Loading,2,2223,/2223/2341/,1,NULL,NULL
2342,Weights,2,2223,/2223/2342/,0,NULL,NULL
2343,Accessories,2,2224,/2224/2343/,1,NULL,NULL
2344,Bath,2,2224,/2224/2344/,0,NULL,NULL
2345,Heated Baths,2,2224,/2224/2345/,1,NULL,NULL
2346,Fluid Bed,2,2224,/2224/2346/,0,NULL,NULL
2347,Fluidized,2,2224,/2224/2347/,1,NULL,NULL
2348,High Temp,2,2224,/2224/2348/,1,NULL,NULL
2349,Immersion,2,2224,/2224/2349/,1,NULL,NULL
2350,Inmersion,2,2224,/2224/2350/,0,NULL,NULL
2351,Liquid / Liquid,2,2224,/2224/2351/,1,NULL,NULL
2352,Oil,2,2224,/2224/2352/,0,NULL,NULL
2353,Oil Baths,2,2224,/2224/2353/,1,NULL,NULL
2354,Refrigerated,2,2224,/2224/2354/,1,NULL,NULL
2355,Shaking,2,2224,/2224/2355/,1,NULL,NULL
2356,Sterilizer,2,2224,/2224/2356/,1,NULL,NULL
2357,Viscosity,2,2224,/2224/2357/,1,NULL,NULL
2358,Water to Water,2,2224,/2224/2358/,0,NULL,NULL
2359,Air Sampling,2,2225,/2225/2359/,1,NULL,NULL
2360,Analyzer,2,2225,/2225/2360/,1,NULL,NULL
2361,Arrayer,2,2225,/2225/2361/,1,NULL,NULL
2362,Autosamplers,2,2225,/2225/2362/,1,NULL,NULL
2363,Bioreactor,2,2225,/2225/2363/,1,NULL,NULL
2364,Blotting,2,2225,/2225/2364/,1,NULL,NULL
2365,BOD,2,2225,/2225/2365/,1,NULL,NULL
2366,Bottle Roller,2,2225,/2225/2366/,1,NULL,NULL
2367,Calibrator,2,2225,/2225/2367/,1,NULL,NULL
2368,Capillary Phoresis,2,2225,/2225/2368/,1,NULL,NULL
2369,Cell Counter,2,2225,/2225/2369/,1,NULL,NULL
2370,Cell Culture,2,2225,/2225/2370/,1,NULL,NULL
2371,Cell Disrupter,2,2225,/2225/2371/,1,NULL,NULL
2372,Cell Factory,2,2225,/2225/2372/,1,NULL,NULL
2373,Cell Preparation,2,2225,/2225/2373/,1,NULL,NULL
2374,Cell Roller,2,2225,/2225/2374/,1,NULL,NULL
2375,Cell Stirring,2,2225,/2225/2375/,1,NULL,NULL
2376,CHEF,2,2225,/2225/2376/,1,NULL,NULL
2377,Colony Counter,2,2225,/2225/2377/,1,NULL,NULL
2378,Crimper,2,2225,/2225/2378/,1,NULL,NULL
2379,Culture Tubes,2,2225,/2225/2379/,1,NULL,NULL
2380,Densitometer,2,2225,/2225/2380/,1,NULL,NULL
2381,Dispenser,2,2225,/2225/2381/,1,NULL,NULL
2382,Dissolution,2,2225,/2225/2382/,1,NULL,NULL
2383,Dry Block Heaters,2,2225,/2225/2383/,1,NULL,NULL
2384,Electrophoresis/PS,2,2225,/2225/2384/,1,NULL,NULL
2385,Filtration,2,2225,/2225/2385/,1,NULL,NULL
2386,Gel Dryer,2,2225,/2225/2386/,1,NULL,NULL
2387,Gene Pulser,2,2225,/2225/2387/,1,NULL,NULL
2388,General,2,2225,/2225/2388/,1,NULL,NULL
2389,Homogenizers,2,2225,/2225/2389/,1,NULL,NULL
2390,Hybridization,2,2225,/2225/2390/,1,NULL,NULL
2391,Light Box,2,2225,/2225/2391/,1,NULL,NULL
2392,Media Bottles,2,2225,/2225/2392/,1,NULL,NULL
2393,Microassay,2,2225,/2225/2393/,1,NULL,NULL
2394,Microfluidizer,2,2225,/2225/2394/,1,NULL,NULL
2395,Microplate,2,2225,/2225/2395/,1,NULL,NULL
2396,Microtome,2,2225,/2225/2396/,1,NULL,NULL
2397,Mixer,2,2225,/2225/2397/,1,NULL,NULL
2398,Mixing,2,2225,/2225/2398/,1,NULL,NULL
2399,Osmometer,2,2225,/2225/2399/,1,NULL,NULL
2400,Other,2,2225,/2225/2400/,1,NULL,NULL
2401,PCR,2,2225,/2225/2401/,1,NULL,NULL
2402,Perfusion Chromatograph,2,2225,/2225/2402/,1,NULL,NULL
2403,petri rack,2,2225,/2225/2403/,1,NULL,NULL
2404,Phosphor Screen,2,2225,/2225/2404/,1,NULL,NULL
2405,Pipette,2,2225,/2225/2405/,1,NULL,NULL
2406,Power Supply,2,2225,/2225/2406/,1,NULL,NULL
2407,Robotic Automation,2,2225,/2225/2407/,1,NULL,NULL
2408,Rollers,2,2225,/2225/2408/,1,NULL,NULL
2409,Rotator,2,2225,/2225/2409/,1,NULL,NULL
2410,Sequencers,2,2225,/2225/2410/,1,NULL,NULL
2411,Shakers,2,2225,/2225/2411/,1,NULL,NULL
2412,Slide Stainer,2,2225,/2225/2412/,1,NULL,NULL
2413,Slide Warmer,2,2225,/2225/2413/,1,NULL,NULL
2414,Sterilizer,2,2225,/2225/2414/,1,NULL,NULL
2415,Sterilizers,2,2225,/2225/2415/,1,NULL,NULL
2416,Stirrers,2,2225,/2225/2416/,1,NULL,NULL
2417,Stomacher,2,2225,/2225/2417/,1,NULL,NULL
2418,Synthesizer,2,2225,/2225/2418/,1,NULL,NULL
2419,Temp - Cyclers,2,2225,/2225/2419/,1,NULL,NULL
2420,Thermal Cyclers,2,2225,/2225/2420/,1,NULL,NULL
2421,Tissue Bath,2,2225,/2225/2421/,1,NULL,NULL
2422,Tissue Chopper,2,2225,/2225/2422/,1,NULL,NULL
2423,Tissue Processor,2,2225,/2225/2423/,1,NULL,NULL
2424,Transilluminators,2,2225,/2225/2424/,1,NULL,NULL
2425,Ultrasonic Cleaner,2,2225,/2225/2425/,1,NULL,NULL
2426,UV Crosslinker,2,2225,/2225/2426/,1,NULL,NULL
2427,Vacuum Blotter,2,2225,/2225/2427/,1,NULL,NULL
2428,Vibrator,2,2225,/2225/2428/,1,NULL,NULL
2429,Storage,2,2227,/2227/2429/,0,NULL,NULL
2430,Basket,2,2229,/2229/2430/,1,NULL,NULL
2431,Bowl,2,2229,/2229/2431/,1,NULL,NULL
2432,Micro,2,2229,/2229/2432/,1,NULL,NULL
2433,Other,2,2229,/2229/2433/,1,NULL,NULL
2434,Refrigerated,2,2229,/2229/2434/,1,NULL,NULL
2435,Rotors,2,2229,/2229/2435/,1,NULL,NULL
2436,Integrators,2,2230,/2230/2436/,1,NULL,NULL
2437,Sodium Bicarbonate,2,2231,/2231/2437/,1,NULL,NULL
2438,a/d Converter,2,2232,/2232/2438/,1,Refurbished used laboratory equipment ,"HP, Hewlett Packard, Agilent 5890"
2439,Accessories,2,2232,/2232/2439/,1,NULL,NULL
2440,Atomic Emission Detector,2,2232,/2232/2440/,1,NULL,NULL
2441,Autosamplers,2,2232,/2232/2441/,1,NULL,NULL
2442,Columns,2,2232,/2232/2442/,1,NULL,NULL
2443,Concentrator,2,2232,/2232/2443/,1,NULL,NULL
2444,Feed Purification ,2,2232,/2232/2444/,1,NULL,NULL
2445,FID,2,2232,/2232/2445/,1,NULL,NULL
2446,Flow Calibrator,2,2232,/2232/2446/,1,NULL,NULL
2447,Gas Chromatographs,2,2232,/2232/2447/,1,NULL,NULL
2448,Head Space,2,2232,/2232/2448/,1,NULL,NULL
2449,Photoionization,2,2232,/2232/2449/,1,NULL,NULL
2450,Supplies,2,2232,/2232/2450/,1,NULL,NULL
2451,Accessories,2,2233,/2233/2451/,1,NULL,NULL
2452,Autosamplers,2,2233,/2233/2452/,1,NULL,NULL
2453,Column Heater/Chiller,2,2233,/2233/2453/,1,NULL,NULL
2454,Column Selector,2,2233,/2233/2454/,1,NULL,NULL
2455,Columns,2,2233,/2233/2455/,1,NULL,NULL
2456,Controllers,2,2233,/2233/2456/,1,NULL,NULL
2457,Data Server,2,2233,/2233/2457/,1,NULL,NULL
2458,Degasser,2,2233,/2233/2458/,1,NULL,NULL
2459,Detectors,2,2233,/2233/2459/,1,NULL,NULL
2460,FPLC,2,2233,/2233/2460/,1,NULL,NULL
2461,Fraction Collector,2,2233,/2233/2461/,1,NULL,NULL
2462,Ion,2,2233,/2233/2462/,1,NULL,NULL
2463,Low Pressure LC,2,2233,/2233/2463/,1,NULL,NULL
2464,Other,2,2233,/2233/2464/,1,NULL,NULL
2465,Prep,2,2233,/2233/2465/,1,NULL,NULL
2466,Prep-Systems,2,2233,/2233/2466/,1,NULL,NULL
2467,Pumps,2,2233,/2233/2467/,1,NULL,NULL
2468,Scintillation,2,2233,/2233/2468/,1,NULL,NULL
2469,Solvent Recyler,2,2233,/2233/2469/,1,NULL,NULL
2470,System,2,2233,/2233/2470/,1,NULL,NULL
2471,Valves,2,2233,/2233/2471/,1,NULL,NULL
2472,Graphic Terminal,2,2234,/2234/2472/,1,NULL,NULL
2473,Heating Mantle,2,2234,/2234/2473/,1,NULL,NULL
2474,Indexers,2,2234,/2234/2474/,1,NULL,NULL
2475,Liquid Level,2,2234,/2234/2475/,1,NULL,NULL
2476,Mass Flow,2,2234,/2234/2476/,1,NULL,NULL
2477,Powerstats,2,2234,/2234/2477/,1,NULL,NULL
2478,Pressure,2,2234,/2234/2478/,1,NULL,NULL
2479,Temperature,2,2234,/2234/2479/,1,NULL,NULL
2480,Vacuum,2,2234,/2234/2480/,1,NULL,NULL
2481,Fluid Bed,2,2237,/2237/2481/,1,NULL,NULL
2482,Accessories,2,2240,/2240/2482/,1,NULL,NULL
2483,Aspirator,2,2240,/2240/2483/,1,NULL,NULL
2484,Centrifugal,2,2240,/2240/2484/,1,NULL,NULL
2485,Centrifuge,2,2240,/2240/2485/,1,NULL,NULL
2486,Kugelrohr,2,2240,/2240/2486/,1,NULL,NULL
2487,Misc,2,2240,/2240/2487/,1,NULL,NULL
2488,Other Types,2,2240,/2240/2488/,1,NULL,NULL
2489,Pumps,2,2240,/2240/2489/,1,NULL,NULL
2490,Rotoevaporator,2,2240,/2240/2490/,1,NULL,NULL
2491,Rototherm,2,2240,/2240/2491/,1,NULL,NULL
2492,Thin film,2,2240,/2240/2492/,1,NULL,NULL
2493,Vac Pump/Controller,2,2240,/2240/2493/,1,NULL,NULL
2494,Vacuum,2,2240,/2240/2494/,1,NULL,NULL
2495,Vapor Traps,2,2240,/2240/2495/,1,NULL,NULL
2496,Wipe Film,2,2240,/2240/2496/,1,NULL,NULL
2497,Ultraviolet,2,2241,/2241/2497/,1,NULL,NULL
2498,Accessories,2,2243,/2243/2498/,1,NULL,NULL
2499,Bio Reactor,2,2243,/2243/2499/,1,NULL,NULL
2500,Fermenters,2,2243,/2243/2500/,1,NULL,NULL
2501,Fermentors,2,2243,/2243/2501/,0,NULL,NULL
2502,Probes,2,2243,/2243/2502/,1,NULL,NULL
2503,Filters,2,2244,/2244/2503/,1,NULL,NULL
2504,Manifolds,2,2244,/2244/2504/,1,NULL,NULL
2505,Pharmaceutical,2,2244,/2244/2505/,1,NULL,NULL
2506,Plate,2,2244,/2244/2506/,1,NULL,NULL
2507,Porcelain,2,2244,/2244/2507/,1,NULL,NULL
2508,Pressure,2,2244,/2244/2508/,1,NULL,NULL
2509,Supplies,2,2244,/2244/2509/,1,NULL,NULL
2510,System,2,2244,/2244/2510/,1,NULL,NULL
2511,Calibrator,2,2245,/2245/2511/,1,NULL,NULL
2512,Controller,2,2245,/2245/2512/,1,NULL,NULL
2513,Coriolis,2,2245,/2245/2513/,1,NULL,NULL
2514,D Pressure Type,2,2245,/2245/2514/,1,NULL,NULL
2515,Meters,2,2245,/2245/2515/,1,NULL,NULL
2516,Rotometers,2,2245,/2245/2516/,1,NULL,NULL
2517,Wet Gas,2,2245,/2245/2517/,1,NULL,NULL
2518,Box,2,2247,/2247/2518/,1,NULL,NULL
2519,Controllers,2,2247,/2247/2519/,1,NULL,NULL
2520,Crucible,2,2247,/2247/2520/,1,NULL,NULL
2521,Fluid Bed,2,2247,/2247/2521/,1,NULL,NULL
2522,Kilns,2,2247,/2247/2522/,1,NULL,NULL
2523,Melting,2,2247,/2247/2523/,1,NULL,NULL
2524,Muffle,2,2247,/2247/2524/,1,NULL,NULL
2525,Power Supply,2,2247,/2247/2525/,1,NULL,NULL
2526,Retorts,2,2247,/2247/2526/,1,NULL,NULL
2527,Supplies,2,2247,/2247/2527/,1,NULL,NULL
2528,Tube,2,2247,/2247/2528/,1,NULL,NULL
2529,Vacuum,2,2247,/2247/2529/,1,NULL,NULL
2530,Ceramic Band,2,2249,/2249/2530/,1,NULL,NULL
2531,Furnace,2,2249,/2249/2531/,1,NULL,NULL
2532,Other Types,2,2249,/2249/2532/,1,NULL,NULL
2533,Tape,2,2249,/2249/2533/,1,NULL,NULL
2534,Cord,2,2250,/2250/2534/,1,NULL,NULL
2535,Exchangers,2,2250,/2250/2535/,1,NULL,NULL
2536,Heat Guns,2,2250,/2250/2536/,1,NULL,NULL
2537,Heating Mantle,2,2250,/2250/2537/,0,NULL,NULL
2538,Heating Mantles,2,2250,/2250/2538/,1,NULL,NULL
2539,Immersion,2,2250,/2250/2539/,1,NULL,NULL
2540,Mantles,2,2250,/2250/2540/,1,NULL,NULL
2541,Oil Baths,2,2250,/2250/2541/,1,NULL,NULL
2542,Tape,2,2250,/2250/2542/,1,NULL,NULL
2543,Biological,2,2251,/2251/2543/,1,NULL,NULL
2544,Biosafety,2,2251,/2251/2544/,1,NULL,NULL
2545,Blowers,2,2251,/2251/2545/,1,NULL,NULL
2546,Ductless,2,2251,/2251/2546/,1,NULL,NULL
2547,Exhaust,2,2251,/2251/2547/,1,NULL,NULL
2548,Fume,2,2251,/2251/2548/,1,NULL,NULL
2549,Gas Cabinets,2,2251,/2251/2549/,1,NULL,NULL
2550,Laminar Flow,2,2251,/2251/2550/,1,NULL,NULL
2551,Safety Hoods,2,2251,/2251/2551/,1,NULL,NULL
2552,Autopsy,2,2252,/2252/2552/,0,NULL,NULL
2553,BOD,2,2253,/2253/2553/,1,NULL,NULL
2554,Chilling,2,2253,/2253/2554/,1,NULL,NULL
2555,CO2,2,2253,/2253/2555/,1,NULL,NULL
2556,Enviromental,2,2253,/2253/2556/,1,NULL,NULL
2557,Gravity,2,2253,/2253/2557/,1,NULL,NULL
2558,Growth Chamber,2,2253,/2253/2558/,1,NULL,NULL
2559,Hatcher,2,2253,/2253/2559/,1,NULL,NULL
2560,Hybridization,2,2253,/2253/2560/,1,NULL,NULL
2561,Illuminated,2,2253,/2253/2561/,1,NULL,NULL
2562,Mechanical,2,2253,/2253/2562/,1,NULL,NULL
2563,Refrigerated,2,2253,/2253/2563/,1,NULL,NULL
2564,Roll-In,2,2253,/2253/2564/,1,NULL,NULL
2565,Shakers,2,2253,/2253/2565/,1,NULL,NULL
2566,Table,2,2256,/2256/2566/,1,NULL,NULL
2567,Wall Cabinets,2,2256,/2256/2567/,1,NULL,NULL
2568,Work Bench,2,2256,/2256/2568/,1,NULL,NULL
2569,Bottles,2,2257,/2257/2569/,1,NULL,NULL
2570,Bubble Meter,2,2257,/2257/2570/,1,NULL,NULL
2571,Carboy,2,2257,/2257/2571/,1,NULL,NULL
2572,Columns,2,2257,/2257/2572/,1,NULL,NULL
2573,Condensers,2,2257,/2257/2573/,1,NULL,NULL
2574,Dispensers,2,2257,/2257/2574/,1,NULL,NULL
2575,Distillation,2,2257,/2257/2575/,1,NULL,NULL
2576,Drying,2,2257,/2257/2576/,1,NULL,NULL
2577,Extractors,2,2257,/2257/2577/,1,NULL,NULL
2578,Filtration,2,2257,/2257/2578/,1,NULL,NULL
2579,Flasks,2,2257,/2257/2579/,1,NULL,NULL
2580,Funnels,2,2257,/2257/2580/,1,NULL,NULL
2581,Heat Guns,2,2257,/2257/2581/,1,NULL,NULL
2582,"Hot Plates, Stirrers",2,2257,/2257/2582/,0,NULL,NULL
2583,Manifolds,2,2257,/2257/2583/,1,NULL,NULL
2584,Mortars/Pestles,2,2257,/2257/2584/,1,NULL,NULL
2585,Pipets,2,2257,/2257/2585/,1,NULL,NULL
2586,Quartz,2,2257,/2257/2586/,1,NULL,NULL
2587,Reaction,2,2257,/2257/2587/,1,NULL,NULL
2588,Sample tubes,2,2257,/2257/2588/,1,NULL,NULL
2589,Solution Bottles,2,2257,/2257/2589/,1,NULL,NULL
2590,Stopcocks,2,2257,/2257/2590/,1,NULL,NULL
2591,Tissue Grinders,2,2257,/2257/2591/,1,NULL,NULL
2592,Vials,2,2257,/2257/2592/,1,NULL,NULL
2593,Accessories,2,2258,/2258/2593/,1,NULL,NULL
2594,Bottle Carrier,2,2258,/2258/2594/,1,NULL,NULL
2595,Burners,2,2258,/2258/2595/,1,NULL,NULL
2596,Carboy,2,2258,/2258/2596/,1,NULL,NULL
2597,Counter,2,2258,/2258/2597/,1,NULL,NULL
2598,Desiccators,2,2258,/2258/2598/,1,NULL,NULL
2599,Dewars,2,2258,/2258/2599/,1,NULL,NULL
2600,Dispensers,2,2258,/2258/2600/,1,NULL,NULL
2601,Dry Ice Maker,2,2258,/2258/2601/,1,NULL,NULL
2602,Educational,2,2258,/2258/2602/,1,NULL,NULL
2603,Filtration,2,2258,/2258/2603/,1,NULL,NULL
2604,Gas Regulators,2,2258,/2258/2604/,1,NULL,NULL
2605,Heat Lamps,2,2258,/2258/2605/,1,NULL,NULL
2606,Hot Plates ,2,2258,/2258/2606/,1,NULL,NULL
2607,Jacks/Stands,2,2258,/2258/2607/,1,NULL,NULL
2608,Lamps,2,2258,/2258/2608/,1,NULL,NULL
2609,Light Box,2,2258,/2258/2609/,1,NULL,NULL
2610,Manometers,2,2258,/2258/2610/,1,NULL,NULL
2611,Miscellaneous,2,2258,/2258/2611/,1,NULL,NULL
2612,Parraffin Bath,2,2258,/2258/2612/,1,NULL,NULL
2613,Pipette,2,2258,/2258/2613/,1,NULL,NULL
2614,Pipettes-Burettes,2,2258,/2258/2614/,1,NULL,NULL
2615,Pressure Tank,2,2258,/2258/2615/,1,NULL,NULL
2616,Reaction,2,2258,/2258/2616/,1,NULL,NULL
2617,Regulators,2,2258,/2258/2617/,1,NULL,NULL
2618,Safety,2,2258,/2258/2618/,1,NULL,NULL
2619,Shields,2,2258,/2258/2619/,1,NULL,NULL
2620,Supplies,2,2258,/2258/2620/,1,NULL,NULL
2621,Support Stands,2,2258,/2258/2621/,1,NULL,NULL
2622,Syringe,2,2258,/2258/2622/,1,NULL,NULL
2623,Timers,2,2258,/2258/2623/,1,NULL,NULL
2624,Titrators,2,2258,/2258/2624/,1,NULL,NULL
2625,Ion Source,2,2260,/2260/2625/,1,NULL,NULL
2626,Mass Spectrometer,2,2260,/2260/2626/,1,NULL,NULL
2627,Carts,2,2261,/2261/2627/,1,NULL,NULL
2628,Conveyor,2,2261,/2261/2628/,1,NULL,NULL
2629,Electric Cart,2,2261,/2261/2629/,1,NULL,NULL
2630,Strapping,2,2261,/2261/2630/,1,NULL,NULL
2631,Abrasion,2,2262,/2262/2631/,1,Refurbished used laboratory equipment ,Tabor
2632,Adsorbance,2,2262,/2262/2632/,1,NULL,NULL
2633,Belbo Flex Tester,2,2262,/2262/2633/,1,NULL,NULL
2634,Calorimeter,2,2262,/2262/2634/,1,NULL,NULL
2635,Coking,2,2262,/2262/2635/,1,NULL,NULL
2636,Color/Surfaces,2,2262,/2262/2636/,1,NULL,NULL
2637,Contact Angle,2,2262,/2262/2637/,1,NULL,NULL
2638,Cut Off Machine,2,2262,/2262/2638/,1,NULL,NULL
2639,Deadweight,2,2262,/2262/2639/,1,NULL,NULL
2640,Densitometer,2,2262,/2262/2640/,1,NULL,NULL
2641,Density,2,2262,/2262/2641/,1,NULL,NULL
2642,Dielectric Strength,2,2262,/2262/2642/,1,NULL,NULL
2643,Dimpler,2,2262,/2262/2643/,1,NULL,NULL
2644,Dry Powder Feeder,2,2262,/2262/2644/,1,NULL,NULL
2645,Durability,2,2262,/2262/2645/,1,NULL,NULL
2646,Durometer,2,2262,/2262/2646/,1,NULL,NULL
2647,Ellipsometers,2,2262,/2262/2647/,1,NULL,NULL
2648,Fineness/Grind,2,2262,/2262/2648/,1,NULL,NULL
2649,Flash Point,2,2262,/2262/2649/,1,NULL,NULL
2650,Floculation,2,2262,/2262/2650/,1,NULL,NULL
2651,Force Gauge,2,2262,/2262/2651/,1,NULL,NULL
2652,Friability,2,2262,/2262/2652/,1,NULL,NULL
2653,Gauge Tester,2,2262,/2262/2653/,1,NULL,NULL
2654,Gauging,2,2262,/2262/2654/,1,NULL,NULL
2655,Gloss Meter,2,2262,/2262/2655/,1,NULL,NULL
2656,Goniometer,2,2262,/2262/2656/,1,NULL,NULL
2657,Microtome,2,2262,/2262/2657/,1,NULL,NULL
2658,Hardness,2,2262,/2262/2658/,1,NULL,NULL
2659,Melt Flow Indexer,2,2262,/2262/2659/,1,NULL,NULL
2660,Melting Point,2,2262,/2262/2660/,1,NULL,NULL
2661,Moisture,2,2262,/2262/2661/,1,NULL,NULL
2662,Mullen Tester,2,2262,/2262/2662/,1,NULL,NULL
2663,Optometer,2,2262,/2262/2663/,1,NULL,NULL
2664,Osmometer,2,2262,/2262/2664/,1,NULL,NULL
2665,Oxygen Bomb,2,2262,/2262/2665/,1,NULL,NULL
2666,Penetrometer,2,2262,/2262/2666/,1,NULL,NULL
2667,Permeability,2,2262,/2262/2667/,1,NULL,NULL
2668,Physisorption,2,2262,/2262/2668/,1,NULL,NULL
2669,Polarimeter,2,2262,/2262/2669/,1,NULL,NULL
2670,Polisher,2,2262,/2262/2670/,1,NULL,NULL
2671,Printability,2,2262,/2262/2671/,1,NULL,NULL
2672,Profilometer,2,2262,/2262/2672/,1,NULL,NULL
2673,Psychrometer,2,2262,/2262/2673/,1,NULL,NULL
2674,Puncture Tester,2,2262,/2262/2674/,1,NULL,NULL
2675,Pycnometer,2,2262,/2262/2675/,1,NULL,NULL
2676,Refractometer,2,2262,/2262/2676/,1,NULL,NULL
2677,Rheometers,2,2262,/2262/2677/,1,NULL,NULL
2678,Riffler,2,2262,/2262/2678/,1,NULL,NULL
2679,Rub Tester,2,2262,/2262/2679/,1,NULL,NULL
2680,Rx Stability,2,2262,/2262/2680/,1,NULL,NULL
2681,Sample Divider,2,2262,/2262/2681/,1,NULL,NULL
2682,Sealing Tester,2,2262,/2262/2682/,1,NULL,NULL
2683,Shear Tester,2,2262,/2262/2683/,1,NULL,NULL
2684,Sieve-Shakers,2,2262,/2262/2684/,1,NULL,NULL
2685,Sieves,2,2262,/2262/2685/,1,NULL,NULL
2686,Slip/Peel,2,2262,/2262/2686/,1,NULL,NULL
2687,Solid Degasser,2,2262,/2262/2687/,1,NULL,NULL
2688,Standards / Elements,2,2262,/2262/2688/,1,NULL,NULL
2689,Static Friction Coefficient,2,2262,/2262/2689/,1,NULL,NULL
2690,Stiffness,2,2262,/2262/2690/,1,NULL,NULL
2691,Stress-strain,2,2262,/2262/2691/,1,NULL,NULL
2692,Surface Area,2,2262,/2262/2692/,1,NULL,NULL
2693,Tablet,2,2262,/2262/2693/,1,NULL,NULL
2694,Tap Density,2,2262,/2262/2694/,1,NULL,NULL
2695,Tearing,2,2262,/2262/2695/,1,NULL,NULL
2696,Tensiometer,2,2262,/2262/2696/,1,NULL,NULL
2697,Thickness,2,2262,/2262/2697/,1,NULL,NULL
2698,Titrators,2,2262,/2262/2698/,1,NULL,NULL
2699,Turbidimeter,2,2262,/2262/2699/,1,NULL,NULL
2700,Viscosity,2,2262,/2262/2700/,1,NULL,NULL
2701,Water Analysis,2,2262,/2262/2701/,1,NULL,NULL
2702,Weather-Ometer,2,2262,/2262/2702/,1,NULL,NULL
2703,Weathering,2,2262,/2262/2703/,1,NULL,NULL
2704,X-Ray,2,2262,/2262/2704/,1,NULL,NULL
2705,Yarn,2,2262,/2262/2705/,1,NULL,NULL
2706,Accessories,2,2265,/2265/2706/,1,NULL,NULL
2707,Biological,2,2265,/2265/2707/,1,NULL,NULL
2708,Camera,2,2265,/2265/2708/,1,NULL,NULL
2709,Field Emission,2,2265,/2265/2709/,1,NULL,NULL
2710,FTIR,2,2265,/2265/2710/,1,NULL,NULL
2711,Inverted ,2,2265,/2265/2711/,1,NULL,NULL
2712,IR,2,2265,/2265/2712/,1,NULL,NULL
2713,Projection,2,2265,/2265/2713/,1,NULL,NULL
2714,Stereo,2,2265,/2265/2714/,1,NULL,NULL
2715,Stereozoom,2,2265,/2265/2715/,1,NULL,NULL
2716,Attritor,2,2266,/2266/2716/,1,NULL,NULL
2717,Bead Mill,2,2266,/2266/2717/,1,NULL,NULL
2718,Centrifugal,2,2266,/2266/2718/,1,NULL,NULL
2719,Colloidal,2,2266,/2266/2719/,1,NULL,NULL
2720,Cutting Mill,2,2266,/2266/2720/,1,NULL,NULL
2721,Grinding Jars,2,2266,/2266/2721/,1,NULL,NULL
2722,Grinding Mill,2,2266,/2266/2722/,1,NULL,NULL
2723,Kneader,2,2266,/2266/2723/,1,NULL,NULL
2724,Planetary,2,2266,/2266/2724/,1,NULL,NULL
2725,Roll Mill,2,2266,/2266/2725/,1,NULL,NULL
2726,Roll Mills,2,2266,/2266/2726/,0,NULL,NULL
2727,Wig-LBug,2,2266,/2266/2727/,1,NULL,NULL
2728,Spot Welder,2,2267,/2267/2728/,1,NULL,NULL
2729,Bead Mill,2,2268,/2268/2729/,1,NULL,NULL
2730,Blenders,2,2268,/2268/2730/,1,NULL,NULL
2731,Chopper,2,2268,/2268/2731/,1,NULL,NULL
2732,CONNICAL,2,2268,/2268/2732/,1,NULL,NULL
2733,Cross Flow ,2,2268,/2268/2733/,1,NULL,NULL
2734,Grinding Mill,2,2268,/2268/2734/,1,NULL,NULL
2735,Homogenizers,2,2268,/2268/2735/,1,NULL,NULL
2736,Horizontal,2,2268,/2268/2736/,1,NULL,NULL
2737,Kady,2,2268,/2268/2737/,1,NULL,NULL
2738,Mills,2,2268,/2268/2738/,1,NULL,NULL
2739,Mixer,2,2268,/2268/2739/,1,NULL,NULL
2740,Overhead Stirrer,2,2268,/2268/2740/,1,NULL,NULL
2741,Paint Mixer,2,2268,/2268/2741/,1,NULL,NULL
2742,Planetary,2,2268,/2268/2742/,1,NULL,NULL
2743,Planetary Mixer,2,2268,/2268/2743/,1,NULL,NULL
2744,Roll Mill,2,2268,/2268/2744/,1,NULL,NULL
2745,Rollers,2,2268,/2268/2745/,1,NULL,NULL
2746,Rotator,2,2268,/2268/2746/,1,NULL,NULL
2747,Shakers,2,2268,/2268/2747/,1,NULL,NULL
2748,Sieve-Shakers,2,2268,/2268/2748/,1,NULL,NULL
2749,Stirrers,2,2268,/2268/2749/,1,NULL,NULL
2750,V Blender,2,2268,/2268/2750/,1,NULL,NULL
2751,V Style Blender,2,2268,/2268/2751/,1,NULL,NULL
2752,Burn-in,2,2270,/2270/2752/,1,NULL,NULL
2753,Curing,2,2270,/2270/2753/,1,NULL,NULL
2754,Enviromental,2,2270,/2270/2754/,1,NULL,NULL
2755,Gravity,2,2270,/2270/2755/,1,NULL,NULL
2756,High Temperature,2,2270,/2270/2756/,1,NULL,NULL
2757,Hybridization,2,2270,/2270/2757/,1,NULL,NULL
2758,Mechanical,2,2270,/2270/2758/,1,NULL,NULL
2759,Microwave,2,2270,/2270/2759/,1,NULL,NULL
2760,Moisture,2,2270,/2270/2760/,1,NULL,NULL
2761,Vacuum,2,2270,/2270/2761/,1,NULL,NULL
2762,"Coding, Ribbing",2,2272,/2272/2762/,1,NULL,NULL
2763,Hand,2,2272,/2272/2763/,1,NULL,NULL
2764,Heat Sealers,2,2272,/2272/2764/,1,NULL,NULL
2765,Hydraulic,2,2272,/2272/2765/,1,NULL,NULL
2766,Plantens,2,2272,/2272/2766/,1,NULL,NULL
2767,Tablet,2,2272,/2272/2767/,1,NULL,NULL
2768,Thermal,2,2272,/2272/2768/,1,NULL,NULL
2769,Tube Sealer,2,2272,/2272/2769/,1,NULL,NULL
2770,Indicators,2,2273,/2273/2770/,1,NULL,NULL
2771,Blending,2,2275,/2275/2771/,1,NULL,NULL
2772,Chiller,2,2275,/2275/2772/,1,NULL,NULL
2773,Columns,2,2275,/2275/2773/,1,NULL,NULL
2774,Condensers,2,2275,/2275/2774/,1,NULL,NULL
2775,Cutter ,2,2275,/2275/2775/,1,NULL,NULL
2776,Dispensing Systems,2,2275,/2275/2776/,1,NULL,NULL
2777,Distillation,2,2275,/2275/2777/,1,NULL,NULL
2778,Extruders,2,2275,/2275/2778/,1,NULL,NULL
2779,Feed Counters,2,2275,/2275/2779/,1,NULL,NULL
2780,Fermenters,2,2275,/2275/2780/,1,NULL,NULL
2781,Filtration,2,2275,/2275/2781/,1,NULL,NULL
2782,Fitz Mill,2,2275,/2275/2782/,1,NULL,NULL
2783,Fluid Bed Dryer,2,2275,/2275/2783/,1,NULL,NULL
2784,Fluid Spray Dryer,2,2275,/2275/2784/,1,NULL,NULL
2785,Homogenizers,2,2275,/2275/2785/,1,NULL,NULL
2786,Kneader,2,2275,/2275/2786/,1,NULL,NULL
2787,Mills,2,2275,/2275/2787/,1,NULL,NULL
2788,Miscellaneous,2,2275,/2275/2788/,1,NULL,NULL
2789,Mixing Tanks,2,2275,/2275/2789/,1,NULL,NULL
2790,Planetary Mixer,2,2275,/2275/2790/,1,NULL,NULL
2791,Powder Handler,2,2275,/2275/2791/,1,NULL,NULL
2792,Roll Mill,2,2275,/2275/2792/,1,NULL,NULL
2793,Screener,2,2275,/2275/2793/,1,NULL,NULL
2794,Screw Feeders,2,2275,/2275/2794/,1,NULL,NULL
2795,Scrubbers,2,2275,/2275/2795/,1,NULL,NULL
2796,Seperator,2,2275,/2275/2796/,1,NULL,NULL
2797,Sieve-Shakers,2,2275,/2275/2797/,1,NULL,NULL
2798,Sifter,2,2275,/2275/2798/,1,NULL,NULL
2799,Spooler,2,2275,/2275/2799/,1,NULL,NULL
2800,Spray Dryer,2,2275,/2275/2800/,1,NULL,NULL
2801,Steam Kettles,2,2275,/2275/2801/,1,NULL,NULL
2802,Submicron Media Mill,2,2275,/2275/2802/,1,NULL,NULL
2803,Tablet De Dusters,2,2275,/2275/2803/,1,NULL,NULL
2804,Take up roller,2,2275,/2275/2804/,1,NULL,NULL
2805,Tanks,2,2275,/2275/2805/,1,NULL,NULL
2806,Vacuum Dryer,2,2275,/2275/2806/,1,NULL,NULL
2807,Vial Filler,2,2275,/2275/2807/,1,NULL,NULL
2808,Vibrator,2,2275,/2275/2808/,1,NULL,NULL
2809,Vibrator Feeder,2,2275,/2275/2809/,1,NULL,NULL
2810,Aspirator,2,2276,/2276/2810/,1,NULL,NULL
2811,Cavity,2,2276,/2276/2811/,1,NULL,NULL
2812,Diaphragm,2,2276,/2276/2812/,1,NULL,NULL
2813,Dispensing,2,2276,/2276/2813/,1,NULL,NULL
2814,Gear,2,2276,/2276/2814/,1,NULL,NULL
2815,Hybridization,2,2276,/2276/2815/,1,NULL,NULL
2816,Misc,2,2276,/2276/2816/,1,NULL,NULL
2817,Peristaltic - Head and Drives,2,2276,/2276/2817/,1,Cole Parmer watson marlow,Cole Parmer
2818,Piston,2,2276,/2276/2818/,1,NULL,NULL
2819,Pressure,2,2276,/2276/2819/,1,NULL,NULL
2820,Rotary Lobe,2,2276,/2276/2820/,1,NULL,NULL
2821,Rotary Vane,2,2276,/2276/2821/,1,NULL,NULL
2822,Suppressors,2,2276,/2276/2822/,1,NULL,NULL
2823,Syringe,2,2276,/2276/2823/,1,NULL,NULL
2824,Vacuum,2,2276,/2276/2824/,1,NULL,NULL
2825,Vacuum/Compressors,2,2276,/2276/2825/,1,NULL,NULL
2826,Vacuum/Pressure,2,2276,/2276/2826/,1,NULL,NULL
2827,Geiger Counter,2,2277,/2277/2827/,0,NULL,NULL
2828,Sample Preparation,2,2277,/2277/2828/,0,NULL,NULL
2829,Scintillation,2,2277,/2277/2829/,0,NULL,NULL
2830,X Ray,2,2277,/2277/2830/,0,NULL,NULL
2831,Accessories,2,2278,/2278/2831/,1,NULL,NULL
2832,Controller,2,2278,/2278/2832/,1,NULL,NULL
2833,Dispensing Pot,2,2278,/2278/2833/,1,NULL,NULL
2834,Glass,2,2278,/2278/2834/,1,NULL,NULL
2835,Glass-lined,2,2278,/2278/2835/,1,NULL,NULL
2836,Other Types,2,2278,/2278/2836/,1,NULL,NULL
2837,Photochemical,2,2278,/2278/2837/,1,NULL,NULL
2838,Pressure,2,2278,/2278/2838/,1,NULL,NULL
2839,Rx Bombs,2,2278,/2278/2839/,1,NULL,NULL
2840,Sample Bombs,2,2278,/2278/2840/,1,NULL,NULL
2841,Shaking,2,2278,/2278/2841/,1,NULL,NULL
2842,Vessels,2,2278,/2278/2842/,1,NULL,NULL
2843,Controller,2,2279,/2279/2843/,1,NULL,NULL
2844,Data Logger,2,2279,/2279/2844/,1,NULL,NULL
2845,Flat Bed,2,2279,/2279/2845/,1,NULL,NULL
2846,Hybrid,2,2279,/2279/2846/,1,NULL,NULL
2847,Verticle Face,2,2279,/2279/2847/,1,NULL,NULL
2848,X-Y,2,2279,/2279/2848/,1,NULL,NULL
2849,Air Cooler,2,2280,/2280/2849/,1,NULL,NULL
2850,Cryogenic,2,2280,/2280/2850/,1,NULL,NULL
2851,Cryorefrigeration,2,2280,/2280/2851/,1,NULL,NULL
2852,Dry Shipper,2,2280,/2280/2852/,1,NULL,NULL
2853,Freezers,2,2280,/2280/2853/,1,NULL,NULL
2854,Ice Maker,2,2280,/2280/2854/,1,NULL,NULL
2855,LN / He Storage,2,2280,/2280/2855/,1,NULL,NULL
2856,Refrigerators,2,2280,/2280/2856/,1,NULL,NULL
2857,Steamer,2,2281,/2281/2857/,0,NULL,NULL
2858,Cylinder Stand,2,2283,/2283/2858/,1,NULL,NULL
2859,Extinguishers,2,2283,/2283/2859/,1,NULL,NULL
2860,Eye Wash,2,2283,/2283/2860/,1,NULL,NULL
2861,Other,2,2283,/2283/2861/,1,NULL,NULL
2862,Shields,2,2283,/2283/2862/,1,NULL,NULL
2863,Spill Kits,2,2283,/2283/2863/,1,NULL,NULL
2864,Storage,2,2283,/2283/2864/,1,NULL,NULL
2865,AA,2,2286,/2286/2865/,1,NULL,NULL
2866,Accessories,2,2286,/2286/2866/,1,NULL,NULL
2867,Adsorbance,2,2286,/2286/2867/,1,NULL,NULL
2868,Colorimeter,2,2286,/2286/2868/,1,NULL,NULL
2869,Digestor,2,2286,/2286/2869/,1,NULL,NULL
2870,Fluorescence,2,2286,/2286/2870/,1,NULL,NULL
2871,Fluorometer,2,2286,/2286/2871/,1,NULL,NULL
2872,FTIR,2,2286,/2286/2872/,1,NULL,NULL
2873,ICP,2,2286,/2286/2873/,1,NULL,NULL
2874,IR,2,2286,/2286/2874/,1,NULL,NULL
2875,Lamps,2,2286,/2286/2875/,1,NULL,NULL
2876,Microwave Digester,2,2286,/2286/2876/,0,NULL,NULL
2877,Nebulizer,2,2286,/2286/2877/,1,NULL,NULL
2878,NIR/UV-Vis,2,2286,/2286/2878/,1,NULL,NULL
2879,NMR,2,2286,/2286/2879/,1,NULL,NULL
2880,Other,2,2286,/2286/2880/,1,NULL,NULL
2881,UV/VIS,2,2286,/2286/2881/,1,NULL,NULL
2882,VIS,2,2286,/2286/2882/,1,NULL,NULL
2883,X Ray,2,2286,/2286/2883/,1,NULL,NULL
2884,Controller,2,2292,/2292/2884/,1,NULL,NULL
2885,Measurement,2,2292,/2292/2885/,1,NULL,NULL
2886,Reference,2,2292,/2292/2886/,1,NULL,NULL
2887,Thermocouples,2,2292,/2292/2887/,1,NULL,NULL
2888,Amplifier,2,2293,/2293/2888/,1,NULL,NULL
2889,Calibrator,2,2293,/2293/2889/,1,NULL,NULL
2890,Data Acq/Control,2,2293,/2293/2890/,1,NULL,NULL
2891,Electrometer,2,2293,/2293/2891/,1,NULL,NULL
2892,Meters,2,2293,/2293/2892/,1,NULL,NULL
2893,Network Analyzer,2,2293,/2293/2893/,1,NULL,NULL
2894,Oscilloscopes,2,2293,/2293/2894/,1,NULL,NULL
2895,Other,2,2293,/2293/2895/,1,NULL,NULL
2896,Power Amplifier,2,2293,/2293/2896/,1,NULL,NULL
2897,Power Supply,2,2293,/2293/2897/,1,NULL,NULL
2898,Wattmeter,2,2293,/2293/2898/,1,NULL,NULL
2899,Sealer,2,2295,/2295/2899/,1,NULL,NULL
2900,Tubing,2,2295,/2295/2900/,1,NULL,NULL
2901,Bath,2,2296,/2296/2901/,1,NULL,NULL
2902,Baths,2,2296,/2296/2902/,0,NULL,NULL
2903,Cell Disrupter,2,2296,/2296/2903/,1,NULL,NULL
2904,Power Supply,2,2296,/2296/2904/,1,NULL,NULL
2905,Lamps,2,2298,/2298/2905/,1,NULL,NULL
2906,Light ,2,2298,/2298/2906/,1,NULL,NULL
2907,Power Supply,2,2298,/2298/2907/,1,NULL,NULL
2908,Blower,2,2299,/2299/2908/,1,NULL,NULL
2909,Controller,2,2299,/2299/2909/,1,NULL,NULL
2910,Gauges,2,2299,/2299/2910/,1,NULL,NULL
2911,Leak Detector,2,2299,/2299/2911/,1,NULL,NULL
2912,Measurement,2,2299,/2299/2912/,0,NULL,NULL
2913,Miscellaneous,2,2299,/2299/2913/,1,NULL,NULL
2914,Mist Filter,2,2299,/2299/2914/,1,NULL,NULL
2915,Traps,2,2299,/2299/2915/,1,NULL,NULL
2916,Vacuum,2,2299,/2299/2916/,1,NULL,NULL
2917,Ferrules,2,2300,/2300/2917/,1,NULL,NULL
2918,Flame Arrester,2,2300,/2300/2918/,1,NULL,NULL
2919,Gas Regulators,2,2300,/2300/2919/,1,NULL,NULL
2920,HPLC,2,2300,/2300/2920/,1,NULL,NULL
2921,Regulators,2,2300,/2300/2921/,1,NULL,NULL
2922,Sanitary,2,2300,/2300/2922/,1,NULL,NULL
2923,Valves,2,2300,/2300/2923/,1,NULL,NULL
2924,Distillation,2,2302,/2302/2924/,1,NULL,NULL
2925,Filtration,2,2302,/2302/2925/,1,NULL,NULL
2926,Purification,2,2302,/2302/2926/,1,NULL,NULL
2927,Sterilization,2,2302,/2302/2927/,1,NULL,NULL
2928,Storage,2,2302,/2302/2928/,1,NULL,NULL
2929,Testing,2,2302,/2302/2929/,1,NULL,NULL
2930,DNA,2,2225,/2225/2930/,1,NULL,NULL
2932,Microtome,2,2262,/2262/2932/,0,NULL,NULL
2933,Gradient Maker,2,2262,/2262/2933/,1,NULL,NULL
2944,Extraction,1,0,/2944/,1,NULL,NULL
2945,Computers,1,0,/2945/,1,NULL,NULL
2949,Dielectrometer,2,2262,/2262/2949/,1,NULL,NULL
2950,Cotton Gin,1,0,/2950/,1,NULL,NULL
3113,Anaerobic,2,2270,/2270/3113/,1,NULL,NULL
3114,Anaerobic,2,2270,/2270/3114/,1,NULL,NULL
3180,Electroporator,2,2225,/2225/3180/,1,NULL,NULL
3181,Porator,2,2225,/2225/3181/,1,NULL,NULL
3182,Disperser,2,2268,/2268/3182/,1,NULL,NULL
3199,Torque,2,2262,/2262/3199/,0,NULL,NULL
3200,Torque,2,2262,/2262/3200/,1,NULL,NULL
3228,,2,2262,/2262/3228/,0,Opacity,NULL
3229,,2,2262,/2262/3229/,0,Cloud Point,NULL
3238,Opacity,2,2262,/2262/3238/,1,NULL,NULL
3239,roll mill,2,2266,/2266/3239/,0,NULL,NULL
3240,Dies,2,2272,/2272/3240/,1,NULL,NULL
3241,Microwave  ,1,0,/3241/,1,NULL,NULL
3242,Powder Feeder,2,2275,/2275/3242/,1,NULL,NULL
3243,Cyclone,2,2275,/2275/3243/,1,NULL,NULL
3244,Oxidizer,2,2262,/2262/3244/,1,NULL,NULL
3245,Grain Sampler,2,2262,/2262/3245/,1,NULL,NULL
3246,Reactors,2,3241,/3241/3246/,1,NULL,NULL
3247,Digesters,1,0,/3247/,1,NULL,NULL
3248,Optical,1,0,/3248/,0,NULL,NULL
3249,Opacity,1,0,/3249/,0,NULL,NULL
3250,Opacity,1,0,/3250/,0,NULL,NULL
3251,Opacity,1,0,/3251/,0,NULL,NULL
3252,testing 123,2,2265,/2265/3252/,0,NULL,NULL
3255,ovens,2,3241,/3241/3255/,1,NULL,NULL
3256,Digestion Systems,2,3241,/3241/3256/,1,NULL,NULL
3257,Impact Tester,2,2262,/2262/3257/,1,NULL,NULL
3258,Steam Generator,2,2275,/2275/3258/,1,NULL,NULL
3259,Cloud Point,2,2262,/2262/3259/,0,NULL,NULL
3260,Weight Checker,2,2223,/2223/3260/,1,NULL,NULL
3261,Samplers,1,0,/3261/,1,NULL,NULL
3262,Cutters,2,3261,/3261/3262/,1,NULL,NULL
3263,Oxidizer,2,3261,/3261/3263/,1,NULL,NULL
3264,Air,2,3261,/3261/3264/,1,NULL,NULL
3265,Well,2,3261,/3261/3265/,1,NULL,NULL
3266,Grain,2,3261,/3261/3266/,1,NULL,NULL
3267,Cloud Point,2,2262,/2262/3267/,1,NULL,NULL
3268,Weight Checker,2,2223,/2223/3268/,0,NULL,NULL
3273,Cylinders,2,2257,/2257/3273/,1,NULL,NULL
3274,Chromatography,2,2257,/2257/3274/,1,NULL,NULL
3275,Sublimation,2,2257,/2257/3275/,1,NULL,NULL
3276,"Vacuum, Traps",2,2257,/2257/3276/,1,NULL,NULL
3277,Vacuum,2,2257,/2257/3277/,1,NULL,NULL
3278,Miscellaneous,1,0,/3278/,1,NULL,NULL
3279,Sample Cutter,2,2262,/2262/3279/,1,NULL,NULL
3280,Pull Tester,2,2262,/2262/3280/,1,NULL,NULL
3281,Photography / Video,1,0,/3281/,1,NULL,NULL
3282,Optical,1,0,/3282/,1,NULL,NULL
3283,Sample Concentrator,2,2232,/2232/3283/,1,NULL,NULL
3284,Fabrication,2,2257,/2257/3284/,1,NULL,NULL
3286,Scratch,2,2262,/2262/3286/,1,NULL,NULL
3287,Roughness,2,2262,/2262/3287/,1,NULL,NULL
3288,Pilling,2,2262,/2262/3288/,1,NULL,NULL
3289,Calibration,2,2262,/2262/3289/,1,NULL,NULL
3290,Cineratot,1,0,/3290/,1,NULL,NULL
3291,cineratot,2,2258,/2258/3291/,0,NULL,NULL
3292,Cinerator,2,2258,/2258/3292/,1,NULL,NULL
3296,Stirrers / Magnetic,2,2258,/2258/3296/,1,NULL,NULL
3297,Hot Plate Stirrers,2,2258,/2258/3297/,1,NULL,NULL
3298,Super Critical Fluid,2,2944,/2944/3298/,1,NULL,NULL
3299,Solid Phase ,2,2944,/2944/3299/,1,NULL,NULL
3300,Spiral Platen,2,2225,/2225/3300/,1,NULL,NULL
3301,Conveyer,2,2275,/2275/3301/,1,NULL,NULL
3302,Isolation,2,2218,/2218/3302/,1,NULL,NULL
3303,Dew Point,2,2219,/2219/3303/,1,NULL,NULL
3311,Vacuum Process Equipment ,1,0,/3311/,1,NULL,NULL
3536,Sample Storage,2,2256,/2256/3536/,1,NULL,NULL
3537,Sample Storage ,2,2256,/2256/3537/,1,NULL,NULL
3538,Impellers,2,2268,/2268/3538/,1,NULL,NULL
3539,Propellers,2,2268,/2268/3539/,1,NULL,NULL
3540,Stirrers,2,2258,/2258/3540/,1,Used lab stir for mixing ,Corning Thermo Barnstead lab hot plate stir
3542,Light Source,2,2286,/2286/3542/,1,NULL,NULL
3546,Pressure Vessels,2,2278,/2278/3546/,1,Reactor high and low pressure reactors,Thermo Parr Autoclabe Engineers
3548,Laser,1,0,/3548/,1,NULL,NULL
3549,Semiconductor,1,0,/3549/,1,NULL,NULL
3550,Misc,2,2219,/2219/3550/,1,NULL,NULL
3552,Dry Gas,2,2245,/2245/3552/,1,NULL,NULL
3553,Porosimeter,2,2262,/2262/3553/,1,NULL,NULL
3554,Gel Imaging,2,2225,/2225/3554/,1,NULL,NULL
3555,SPE,2,2225,/2225/3555/,1,NULL,NULL
3556,Sigma,2,2268,/2268/3556/,1,NULL,NULL
3557,A Misc,1,0,/3557/,1,NULL,NULL
3558,AC,2,2269,/2269/3558/,1,NULL,NULL
3559,DC,2,2269,/2269/3559/,1,NULL,NULL
3560,Controllers,2,2269,/2269/3560/,1,NULL,NULL
3561,3 phase,2,2269,/2269/3561/,1,NULL,NULL
3562,Cell Washer,2,2225,/2225/3562/,1,NULL,NULL
3563,Magnetic Separator,2,2275,/2275/3563/,1,NULL,NULL
3564,Tachometer,2,2293,/2293/3564/,1,NULL,NULL
3565,Hammer,2,2266,/2266/3565/,1,NULL,NULL
3566,Vapor Ducts,2,2240,/2240/3566/,1,Buchi R/RE/R-110/R-111/R-120/R-121/RE-140 - Vapor ducts,"Buchi 23730 23737 27079 23748 23738 27078, 17484 17486 17488 17485 17487 17489"
3567,Braided Hose,2,2300,/2300/3567/,1,NULL,NULL
3568,Vacuum-Rebuilt,2,2276,/2276/3568/,1,Rebuilt Vacuum Pumps Welsh Welch Edwards  Sargent,Rebuilt Vacuum Pumps Welsh Welch Edwards  Sargent
3569,Fork Lift,1,0,/3569/,0,Explosion Proof Forklift,Fork Lift Excalibur Yale EXPLOSION PROOF Raymond GREGORY EX Fork lift
3570,Fork Lift,1,0,/3570/,1,NULL,NULL
3571,Fork Lift - Explosion Proof,2,3569,/3569/3571/,1,testing,NULL
3572,Vacuum-Tested,2,2276,/2276/3572/,1,NULL,NULL
3573,Vacuum Pump for parts,2,2276,/2276/3573/,1,NULL,NULL
3574,Heated Circulator Baths,2,2224,/2224/3574/,1,Heating bath that pumps / recirculates a fluid for heat transfer ,Thermo VWR Neslab Haake Lauda Julabo
3575,Open Baths,2,2224,/2224/3575/,1,NULL,NULL
3591,0.0004 4 place Decimal,2,2223,/2223/3591/,1,Scale balance laboratory science,4 place semi analytical
3592,0.003 3 place Decimal,2,2223,/2223/3592/,1,3 place balance,NULL
3593,0.01 2 place Decimal,2,2223,/2223/3593/,1,2 decimal place balance scale,NULL
3594,0.1 1 place Decimal,2,2223,/2223/3594/,1,1 place decimal point scale or balance,NULL
3595,1.0 Decimal place,2,2223,/2223/3595/,1,Scale balance,NULL
3596,Beam / Mechanical,2,2223,/2223/3596/,1,NULL,NULL
3597,Weights,2,2223,/2223/3597/,1,NULL,NULL
3598,Readouts,2,2223,/2223/3598/,1,NULL,NULL
3599,Readout,2,2299,/2299/3599/,1,Vacuum display readout,Vacuum display readout
3600,Readout and Gauge,2,2299,/2299/3600/,1,Vacuum Readout display and gauge,Vacuum Readout display and gauge
3601,Horns and Wands,2,2296,/2296/3601/,1,Ultrasonic horn and wands,Branson
3602,Bubble Flow,2,2245,/2245/3602/,1,Bubble Flow Meter,NULL
3603,Peristaltic Pumps heads only,2,2276,/2276/3603/,0,peristaltic pump head used on cole parmer and watson marlow pumps,Cole Parmer Watson Marlow pump head
3604,Peristaltic Pumps Drive Only,2,2276,/2276/3604/,1,Peristaltic Pumps Drive Only used on watson marlow cole parmer ,Peristaltic Pumps Drive watson marlow Thermo VWR cole parmer
3605,Peristaltic Pumps Drive Only,2,2276,/2276/3605/,0,Peristaltic Pumps Drive Only used on watson marlow cole parmer ,Peristaltic Pumps Drive watson marlow Thermo VWR cole parmer
3606,Peristaltic Pumps Heads only,2,2276,/2276/3606/,1,peristaltic pump head used on cole parmer and watson marlow pumps,Cole Parmer Watson Marlow pump head
